{
  "page": {
    "label": "TRANSLATE.PLUGIN_NAME"
  },
  "sections": [
    {
      "id": "all_settings",
      "element": "section",
      "label": "TRANSLATE.GENERAL_SETTINGS",
      "icon": "fa-cog",
      "onSave": {
        "type": "controller",
        "endpoint": "system_hardware/lcd_backlight",
        "method": "saveConfig"
      },
      "saveButton": {
        "label": "TRANSLATE.SAVE",
        "data": [
          "int_time",
          "min_backlight",
          "max_backlight",
          "lux_multiplier",
          "smoothing_factor"
        ]
      },
      "content": [
        {
          "id": "int_time",
          "element": "input",
          "type": "number",
          "label": "TRANSLATE.MEASUREMENT_INTERVAL",
          "doc": "TRANSLATE.MEASUREMENT_INTERVAL_DOC",
          "value": 1,
          "attributes": [
            {
              "min": 0.1,
              "max": 10,
              "step": 0.1
            }
          ]
        },
        {
          "id": "min_backlight",
          "element": "input",
          "type": "number",
          "label": "TRANSLATE.MIN_BACKLIGHT",
          "doc": "TRANSLATE.MIN_BACKLIGHT_DOC",
          "value": 12,
          "attributes": [
            {
              "min": 0,
              "max": 255,
              "step": 1
            }
          ]
        },
        {
          "id": "max_backlight",
          "element": "input",
          "type": "number",
          "label": "TRANSLATE.MAX_BACKLIGHT",
          "doc": "TRANSLATE.MAX_BACKLIGHT_DOC",
          "value": 255,
          "attributes": [
            {
              "min": 0,
              "max": 255,
              "step": 1
            }
          ]
        },
        {
          "id": "lux_multiplier",
          "element": "input",
          "type": "number",
          "label": "TRANSLATE.LUX_MULTIPLIER",
          "doc": "TRANSLATE.LUX_MULTIPLIER_DOC",
          "value": 0.75,
          "attributes": [
            {
              "min": 0.01,
              "max": 10,
              "step": 0.01
            }
          ]
        },
        {
          "id": "smoothing_factor",
          "element": "input",
          "type": "number",
          "label": "TRANSLATE.SMOOTHING_FACTOR",
          "doc": "TRANSLATE.SMOOTHING_FACTOR_DOC",
          "value": 0.3,
          "attributes": [
            {
              "min": 0.0,
              "max": 1.0,
              "step": 0.05
            }
          ]
        }
      ]
    }
  ]
}